{
    
	"Fennec | Sussex Sharks [full gloss] (Home Black)": {
        "BodyID": 4284,
        "SkinID": 8077,
        "Chassis": {
            "Diffuse": ""
        },
        "Body": {
            "Diffuse": "",
            "1_Diffuse_Skin": "sussexHomeDiffuseBlack.png",
            "2_Diffuse_Skin_Mask": "sussexFullGloss.png"
        }
    },

    "Fennec | Sussex Sharks [full gloss] (Home White)": {
        "BodyID": 4284,
        "SkinID": 8077,
        "Chassis": {
            "Diffuse": ""
        },
        "Body": {
            "Diffuse": "",
            "1_Diffuse_Skin": "sussexHomeDiffuseWhite.png",
            "2_Diffuse_Skin_Mask": "sussexFullGloss.png"
        }
    },

    "Fennec | Sussex Sharks [full gloss] (Away Black)": {
        "BodyID": 4284,
        "SkinID": 8077,
        "Chassis": {
            "Diffuse": ""
        },
        "Body": {
            "Diffuse": "",
            "1_Diffuse_Skin": "sussexAwayDiffuseBlack.png",
            "2_Diffuse_Skin_Mask": "sussexFullGloss.png"
        }
    },

    "Fennec | Sussex Sharks [full gloss] (Away White)": {
        "BodyID": 4284,
        "SkinID": 8077,
        "Chassis": {
            "Diffuse": ""
        },
        "Body": {
            "Diffuse": "",
            "1_Diffuse_Skin": "sussexAwayDiffuseWhite.png",
            "2_Diffuse_Skin_Mask": "sussexFullGloss.png"
        }
    }
}
