{
    
	"Fennec | Sussex Sharks [no gloss] (Home Black)": {
        "BodyID": 4284,
        "SkinID": 0,
        "Body": {
            "Diffuse": "sussexHomeDiffuseBlack.png",
            "Skin": "fennec.png"
        }
    },

    "Fennec | Sussex Sharks [no gloss] (Home White)": {
        "BodyID": 4284,
        "SkinID": 0,
        "Body": {
            "Diffuse": "sussexHomeDiffuseWhite.png",
            "Skin": "fennec.png"
        }
    },

    "Fennec | Sussex Sharks [no gloss] (Away Black)": {
        "BodyID": 4284,
        "SkinID": 0,
        "Body": {
            "Diffuse": "sussexAwayDiffuseBlack.png",
            "Skin": "fennec.png"
        }
    },

    "Fennec | Sussex Sharks [no gloss] (Away White)": {
        "BodyID": 4284,
        "SkinID": 0,
        "Body": {
            "Diffuse": "sussexAwayDiffuseWhite.png",
            "Skin": "fennec.png"
        }
    }
    
}