{
    "Fennec | Sussex Sharks [glossy colors] (Home Black)": {
        "BodyID": 4284,
        "SkinID": 8077,
        "Chassis": {
            "Diffuse": ""
        },
        "Body": {
            "Diffuse": "",
            "1_Diffuse_Skin": "sussexHomeDiffuseBlack.png",
            "2_Diffuse_Skin_Mask": "sussexBlackGlossyColorsRoughness.png"
        }
    },
    
	"Fennec | Sussex Sharks [glossy colors] (Home White)": {
        "BodyID": 4284,
        "SkinID": 8077,
        "Chassis": {
            "Diffuse": ""
        },
        "Body": {
            "Diffuse": "",
            "1_Diffuse_Skin": "sussexHomeDiffuseWhite.png",
            "2_Diffuse_Skin_Mask": "sussexWhiteGlossyColorsRoughness.png"
        }
    },

    "Fennec | Sussex Sharks [glossy colors] (Away Black)": {
        "BodyID": 4284,
        "SkinID": 8077,
        "Chassis": {
            "Diffuse": ""
        },
        "Body": {
            "Diffuse": "",
            "1_Diffuse_Skin": "sussexAwayDiffuseBlack.png",
            "2_Diffuse_Skin_Mask": "sussexBlackGlossyColorsRoughness.png"
        }
    },

    "Fennec | Sussex Sharks [glossy colors] (Away White)": {
        "BodyID": 4284,
        "SkinID": 8077,
        "Chassis": {
            "Diffuse": ""
        },
        "Body": {
            "Diffuse": "",
            "1_Diffuse_Skin": "sussexAwayDiffuseWhite.png",
            "2_Diffuse_Skin_Mask": "sussexWhiteGlossyColorsRoughness.png"
        }
    }

    
}